2020-02-25 18:00:00;AG;0.02
2020-02-26 18:00:00;AG;0.00
2020-02-27 18:00:00;AG;0.23
2020-02-28 18:00:00;AG;0.12
2020-02-29 17:00:00;AG;0.00
2020-03-01 17:00:00;AG;0.00
2020-03-02 17:00:00;AG;0.04
2020-03-03 17:00:00;AG;0.57
2020-03-04 17:00:00;AG;0.59
2020-03-05 17:00:00;AG;0.00
2020-03-06 18:00:00;AG;0.00
2020-03-07 18:00:00;AG;0.00
2020-03-08 18:00:00;AG;1.47
2020-03-09 18:00:00;AG;4.11
2020-03-10 18:00:00;AG;5.55
2020-03-11 17:00:00;AG;4.61
2020-03-12 17:00:00;AG;2.39
2020-03-13 17:00:00;AG;0.54
2020-03-14 17:00:00;AG;0.28
2020-03-15 17:00:00;AG;1.05
2020-03-16 17:00:00;AG;1.85
2020-03-17 17:00:00;AG;1.98
2020-03-18 17:00:00;AG;1.88
2020-03-19 17:00:00;AG;2.29
2020-03-20 17:00:00;AG;3.65
2020-03-21 17:00:00;AG;5.10
2020-03-22 17:00:00;AG;5.50
2020-03-23 17:00:00;AG;4.15
2020-03-24 17:00:00;AG;2.26
2020-03-25 17:00:00;AG;1.49
2020-03-26 17:00:00;AG;2.98
2020-03-27 17:00:00;AG;5.75
2020-03-28 17:00:00;AG;8.33
2020-03-29 17:00:00;AG;9.48
2020-03-30 17:00:00;AG;9.15
2020-03-31 17:00:00;AG;7.56
2020-04-01 17:00:00;AG;5.05
2020-04-02 17:00:00;AG;2.54
2020-04-03 17:00:00;AG;1.05
2020-04-04 17:00:00;AG;1.26
2020-04-05 17:00:00;AG;2.39
2020-04-06 17:00:00;AG;3.29
2020-04-07 17:00:00;AG;3.16
2020-04-08 17:00:00;AG;2.51
2020-04-09 17:00:00;AG;2.19
2020-04-10 17:00:00;AG;2.74
2020-04-11 17:00:00;AG;3.56
2020-04-12 17:00:00;AG;3.76
2020-04-13 17:00:00;AG;2.78
2020-04-14 17:00:00;AG;1.41
2020-04-15 17:00:00;AG;0.77
2020-04-16 17:00:00;AG;1.21
2020-04-17 17:00:00;AG;0.00
2020-02-25 18:00:00;AL;0.07
2020-02-26 18:00:00;AL;0.00
2020-02-27 18:00:00;AL;0.97
2020-02-28 18:00:00;AL;0.44
2020-02-29 17:00:00;AL;0.00
2020-03-01 17:00:00;AL;0.00
2020-03-02 17:00:00;AL;1.15
2020-03-03 17:00:00;AL;5.23
2020-03-04 17:00:00;AL;8.61
2020-03-05 17:00:00;AL;9.72
2020-03-06 18:00:00;AL;9.43
2020-03-07 18:00:00;AL;9.21
2020-03-08 18:00:00;AL;10.22
2020-03-09 18:00:00;AL;12.38
2020-03-10 18:00:00;AL;15.28
2020-03-11 17:00:00;AL;18.61
2020-03-12 17:00:00;AL;22.41
2020-03-13 17:00:00;AL;26.79
2020-03-14 17:00:00;AL;31.82
2020-03-15 17:00:00;AL;37.42
2020-03-16 17:00:00;AL;43.42
2020-03-17 17:00:00;AL;50.12
2020-03-18 17:00:00;AL;59.61
2020-03-19 17:00:00;AL;74.41
2020-03-20 17:00:00;AL;94.63
2020-03-21 17:00:00;AL;110.82
2020-03-22 17:00:00;AL;111.07
2020-03-23 17:00:00;AL;88.96
2020-03-24 17:00:00;AL;59.76
2020-03-25 17:00:00;AL;44.18
2020-03-26 17:00:00;AL;55.68
2020-03-27 17:00:00;AL;78.70
2020-03-28 17:00:00;AL;90.45
2020-03-29 17:00:00;AL;75.44
2020-03-30 17:00:00;AL;47.46
2020-03-31 17:00:00;AL;27.64
2020-04-01 17:00:00;AL;31.79
2020-04-02 17:00:00;AL;54.65
2020-04-03 17:00:00;AL;85.63
2020-04-04 17:00:00;AL;114.36
2020-04-05 17:00:00;AL;131.20
2020-04-06 17:00:00;AL;126.71
2020-04-07 17:00:00;AL;96.91
2020-04-08 17:00:00;AL;59.72
2020-04-09 17:00:00;AL;38.53
2020-04-10 17:00:00;AL;48.26
2020-04-11 17:00:00;AL;69.97
2020-04-12 17:00:00;AL;76.24
2020-04-13 17:00:00;AL;52.30
2020-04-14 17:00:00;AL;33.89
2020-04-15 17:00:00;AL;69.38
2020-04-16 17:00:00;AL;159.90
2020-04-17 17:00:00;AL;117.64
2020-02-25 18:00:00;AN;0.00
2020-02-26 18:00:00;AN;0.01
2020-02-27 18:00:00;AN;0.00
2020-02-28 18:00:00;AN;0.00
2020-02-29 17:00:00;AN;0.15
2020-03-01 17:00:00;AN;0.60
2020-03-02 17:00:00;AN;1.47
2020-03-03 17:00:00;AN;2.80
2020-03-04 17:00:00;AN;4.64
2020-03-05 17:00:00;AN;6.96
2020-03-06 18:00:00;AN;9.40
2020-03-07 18:00:00;AN;11.53
2020-03-08 18:00:00;AN;13.14
2020-03-09 18:00:00;AN;14.97
2020-03-10 18:00:00;AN;17.96
2020-03-11 17:00:00;AN;22.80
2020-03-12 17:00:00;AN;29.06
2020-03-13 17:00:00;AN;36.08
2020-03-14 17:00:00;AN;42.99
2020-03-15 17:00:00;AN;48.25
2020-03-16 17:00:00;AN;50.14
2020-03-17 17:00:00;AN;48.00
2020-03-18 17:00:00;AN;45.40
2020-03-19 17:00:00;AN;46.97
2020-03-20 17:00:00;AN;55.44
2020-03-21 17:00:00;AN;65.78
2020-03-22 17:00:00;AN;71.05
2020-03-23 17:00:00;AN;66.54
2020-03-24 17:00:00;AN;56.46
2020-03-25 17:00:00;AN;47.28
2020-03-26 17:00:00;AN;43.94
2020-03-27 17:00:00;AN;45.46
2020-03-28 17:00:00;AN;49.36
2020-03-29 17:00:00;AN;53.33
2020-03-30 17:00:00;AN;55.71
2020-03-31 17:00:00;AN;55.04
2020-04-01 17:00:00;AN;50.67
2020-04-02 17:00:00;AN;45.33
2020-04-03 17:00:00;AN;42.58
2020-04-04 17:00:00;AN;44.53
2020-04-05 17:00:00;AN;47.40
2020-04-06 17:00:00;AN;45.93
2020-04-07 17:00:00;AN;37.05
2020-04-08 17:00:00;AN;26.26
2020-04-09 17:00:00;AN;21.23
2020-04-10 17:00:00;AN;26.74
2020-04-11 17:00:00;AN;36.03
2020-04-12 17:00:00;AN;39.45
2020-04-13 17:00:00;AN;30.89
2020-04-14 17:00:00;AN;18.25
2020-04-15 17:00:00;AN;12.98
2020-04-16 17:00:00;AN;20.43
2020-04-17 17:00:00;AN;21.57
2020-02-25 18:00:00;AO;0.02
2020-02-26 18:00:00;AO;0.00
2020-02-27 18:00:00;AO;0.31
2020-02-28 18:00:00;AO;0.18
2020-02-29 17:00:00;AO;0.00
2020-03-01 17:00:00;AO;0.00
2020-03-02 17:00:00;AO;0.00
2020-03-03 17:00:00;AO;0.77
2020-03-04 17:00:00;AO;1.43
2020-03-05 17:00:00;AO;1.54
2020-03-06 18:00:00;AO;1.54
2020-03-07 18:00:00;AO;2.04
2020-03-08 18:00:00;AO;3.36
2020-03-09 18:00:00;AO;4.57
2020-03-10 18:00:00;AO;4.48
2020-03-11 17:00:00;AO;2.61
2020-03-12 17:00:00;AO;1.47
2020-03-13 17:00:00;AO;4.32
2020-03-14 17:00:00;AO;13.07
2020-03-15 17:00:00;AO;24.28
2020-03-16 17:00:00;AO;33.13
2020-03-17 17:00:00;AO;36.44
2020-03-18 17:00:00;AO;37.34
2020-03-19 17:00:00;AO;40.56
2020-03-20 17:00:00;AO;48.53
2020-03-21 17:00:00;AO;54.53
2020-03-22 17:00:00;AO;49.51
2020-03-23 17:00:00;AO;28.86
2020-03-24 17:00:00;AO;5.59
2020-03-25 17:00:00;AO;0.00
2020-03-26 17:00:00;AO;14.49
2020-03-27 17:00:00;AO;42.80
2020-03-28 17:00:00;AO;60.78
2020-03-29 17:00:00;AO;53.70
2020-03-30 17:00:00;AO;33.10
2020-03-31 17:00:00;AO;17.09
2020-04-01 17:00:00;AO;18.72
2020-04-02 17:00:00;AO;30.91
2020-04-03 17:00:00;AO;41.50
2020-04-04 17:00:00;AO;41.43
2020-04-05 17:00:00;AO;33.88
2020-04-06 17:00:00;AO;25.14
2020-04-07 17:00:00;AO;20.10
2020-04-08 17:00:00;AO;18.32
2020-04-09 17:00:00;AO;17.96
2020-04-10 17:00:00;AO;17.54
2020-04-11 17:00:00;AO;16.83
2020-04-12 17:00:00;AO;15.92
2020-04-13 17:00:00;AO;14.89
2020-04-14 17:00:00;AO;13.78
2020-04-15 17:00:00;AO;12.63
2020-04-16 17:00:00;AO;12.93
2020-04-17 17:00:00;AO;22.01
2020-02-25 18:00:00;AR;0.02
2020-02-26 18:00:00;AR;0.00
2020-02-27 18:00:00;AR;0.20
2020-02-28 18:00:00;AR;0.09
2020-02-29 17:00:00;AR;0.00
2020-03-01 17:00:00;AR;0.00
2020-03-02 17:00:00;AR;0.57
2020-03-03 17:00:00;AR;1.49
2020-03-04 17:00:00;AR;1.91
2020-03-05 17:00:00;AR;1.42
2020-03-06 18:00:00;AR;0.72
2020-03-07 18:00:00;AR;0.78
2020-03-08 18:00:00;AR;2.14
2020-03-09 18:00:00;AR;3.49
2020-03-10 18:00:00;AR;3.08
2020-03-11 17:00:00;AR;0.10
2020-03-12 17:00:00;AR;0.00
2020-03-13 17:00:00;AR;0.00
2020-03-14 17:00:00;AR;7.88
2020-03-15 17:00:00;AR;18.46
2020-03-16 17:00:00;AR;24.92
2020-03-17 17:00:00;AR;23.02
2020-03-18 17:00:00;AR;16.64
2020-03-19 17:00:00;AR;11.64
2020-03-20 17:00:00;AR;12.35
2020-03-21 17:00:00;AR;16.73
2020-03-22 17:00:00;AR;21.19
2020-03-23 17:00:00;AR;22.88
2020-03-24 17:00:00;AR;21.90
2020-03-25 17:00:00;AR;19.11
2020-03-26 17:00:00;AR;15.50
2020-03-27 17:00:00;AR;12.74
2020-03-28 17:00:00;AR;12.68
2020-03-29 17:00:00;AR;16.20
2020-03-30 17:00:00;AR;20.47
2020-03-31 17:00:00;AR;21.69
2020-04-01 17:00:00;AR;17.43
2020-04-02 17:00:00;AR;10.68
2020-04-03 17:00:00;AR;5.76
2020-04-04 17:00:00;AR;5.70
2020-04-05 17:00:00;AR;8.29
2020-04-06 17:00:00;AR;10.00
2020-04-07 17:00:00;AR;8.35
2020-04-08 17:00:00;AR;4.92
2020-04-09 17:00:00;AR;2.32
2020-04-10 17:00:00;AR;2.79
2020-04-11 17:00:00;AR;7.11
2020-04-12 17:00:00;AR;15.70
2020-04-13 17:00:00;AR;27.42
2020-04-14 17:00:00;AR;35.01
2020-04-15 17:00:00;AR;29.65
2020-04-16 17:00:00;AR;10.75
2020-04-17 17:00:00;AR;10.66
2020-02-25 18:00:00;AP;0.00
2020-02-26 18:00:00;AP;0.04
2020-02-27 18:00:00;AP;0.00
2020-02-28 18:00:00;AP;0.00
2020-02-29 17:00:00;AP;0.07
2020-03-01 17:00:00;AP;0.10
2020-03-02 17:00:00;AP;0.00
2020-03-03 17:00:00;AP;0.00
2020-03-04 17:00:00;AP;0.00
2020-03-05 17:00:00;AP;0.05
2020-03-06 18:00:00;AP;0.30
2020-03-07 18:00:00;AP;0.29
2020-03-08 18:00:00;AP;0.00
2020-03-09 18:00:00;AP;0.00
2020-03-10 18:00:00;AP;0.00
2020-03-11 17:00:00;AP;0.43
2020-03-12 17:00:00;AP;1.76
2020-03-13 17:00:00;AP;2.99
2020-03-14 17:00:00;AP;3.73
2020-03-15 17:00:00;AP;4.14
2020-03-16 17:00:00;AP;4.51
2020-03-17 17:00:00;AP;5.08
2020-03-18 17:00:00;AP;5.70
2020-03-19 17:00:00;AP;6.18
2020-03-20 17:00:00;AP;6.37
2020-03-21 17:00:00;AP;6.43
2020-03-22 17:00:00;AP;6.62
2020-03-23 17:00:00;AP;7.26
2020-03-24 17:00:00;AP;9.10
2020-03-25 17:00:00;AP;12.99
2020-03-26 17:00:00;AP;19.13
2020-03-27 17:00:00;AP;25.20
2020-03-28 17:00:00;AP;28.22
2020-03-29 17:00:00;AP;26.16
2020-03-30 17:00:00;AP;20.61
2020-03-31 17:00:00;AP;14.07
2020-04-01 17:00:00;AP;8.63
2020-04-02 17:00:00;AP;4.70
2020-04-03 17:00:00;AP;2.30
2020-04-04 17:00:00;AP;1.30
2020-04-05 17:00:00;AP;1.08
2020-04-06 17:00:00;AP;0.93
2020-04-07 17:00:00;AP;0.38
2020-04-08 17:00:00;AP;0.08
2020-04-09 17:00:00;AP;0.97
2020-04-10 17:00:00;AP;3.46
2020-04-11 17:00:00;AP;5.91
2020-04-12 17:00:00;AP;6.18
2020-04-13 17:00:00;AP;3.22
2020-04-14 17:00:00;AP;0.39
2020-04-15 17:00:00;AP;2.13
2020-04-16 17:00:00;AP;8.49
2020-04-17 17:00:00;AP;1.81
2020-02-25 18:00:00;AT;0.00
2020-02-26 18:00:00;AT;3.04
2020-02-27 18:00:00;AT;0.00
2020-02-28 18:00:00;AT;0.00
2020-02-29 17:00:00;AT;5.86
2020-03-01 17:00:00;AT;13.47
2020-03-02 17:00:00;AT;13.66
2020-03-03 17:00:00;AT;9.01
2020-03-04 17:00:00;AT;4.25
2020-03-05 17:00:00;AT;2.92
2020-03-06 18:00:00;AT;3.82
2020-03-07 18:00:00;AT;4.55
2020-03-08 18:00:00;AT;3.44
2020-03-09 18:00:00;AT;1.76
2020-03-10 18:00:00;AT;1.54
2020-03-11 17:00:00;AT;3.98
2020-03-12 17:00:00;AT;7.08
2020-03-13 17:00:00;AT;8.05
2020-03-14 17:00:00;AT;5.19
2020-03-15 17:00:00;AT;1.22
2020-03-16 17:00:00;AT;0.00
2020-03-17 17:00:00;AT;4.03
2020-03-18 17:00:00;AT;11.15
2020-03-19 17:00:00;AT;17.82
2020-03-20 17:00:00;AT;21.41
2020-03-21 17:00:00;AT;22.72
2020-03-22 17:00:00;AT;23.38
2020-03-23 17:00:00;AT;24.56
2020-03-24 17:00:00;AT;25.41
2020-03-25 17:00:00;AT;24.58
2020-03-26 17:00:00;AT;21.54
2020-03-27 17:00:00;AT;18.88
2020-03-28 17:00:00;AT;19.99
2020-03-29 17:00:00;AT;26.88
2020-03-30 17:00:00;AT;35.92
2020-03-31 17:00:00;AT;42.08
2020-04-01 17:00:00;AT;41.75
2020-04-02 17:00:00;AT;36.87
2020-04-03 17:00:00;AT;30.77
2020-04-04 17:00:00;AT;26.16
2020-04-05 17:00:00;AT;23.25
2020-04-06 17:00:00;AT;21.61
2020-04-07 17:00:00;AT;20.95
2020-04-08 17:00:00;AT;21.50
2020-04-09 17:00:00;AT;23.63
2020-04-10 17:00:00;AT;27.53
2020-04-11 17:00:00;AT;32.71
2020-04-12 17:00:00;AT;38.50
2020-04-13 17:00:00;AT;43.73
2020-04-14 17:00:00;AT;45.12
2020-04-15 17:00:00;AT;38.92
2020-04-16 17:00:00;AT;26.79
2020-04-17 17:00:00;AT;32.15
2020-02-25 18:00:00;AV;0.00
2020-02-26 18:00:00;AV;0.08
2020-02-27 18:00:00;AV;0.00
2020-02-28 18:00:00;AV;0.00
2020-02-29 17:00:00;AV;0.13
2020-03-01 17:00:00;AV;0.20
2020-03-02 17:00:00;AV;0.00
2020-03-03 17:00:00;AV;0.00
2020-03-04 17:00:00;AV;0.00
2020-03-05 17:00:00;AV;0.09
2020-03-06 18:00:00;AV;0.67
2020-03-07 18:00:00;AV;0.98
2020-03-08 18:00:00;AV;0.77
2020-03-09 18:00:00;AV;0.54
2020-03-10 18:00:00;AV;0.94
2020-03-11 17:00:00;AV;2.43
2020-03-12 17:00:00;AV;4.48
2020-03-13 17:00:00;AV;6.35
2020-03-14 17:00:00;AV;7.52
2020-03-15 17:00:00;AV;8.41
2020-03-16 17:00:00;AV;9.64
2020-03-17 17:00:00;AV;11.65
2020-03-18 17:00:00;AV;13.94
2020-03-19 17:00:00;AV;15.83
2020-03-20 17:00:00;AV;16.73
2020-03-21 17:00:00;AV;16.62
2020-03-22 17:00:00;AV;15.57
2020-03-23 17:00:00;AV;13.78
2020-03-24 17:00:00;AV;11.73
2020-03-25 17:00:00;AV;10.04
2020-03-26 17:00:00;AV;9.12
2020-03-27 17:00:00;AV;8.86
2020-03-28 17:00:00;AV;8.94
2020-03-29 17:00:00;AV;9.41
2020-03-30 17:00:00;AV;11.49
2020-03-31 17:00:00;AV;16.77
2020-04-01 17:00:00;AV;25.58
2020-04-02 17:00:00;AV;33.51
2020-04-03 17:00:00;AV;34.93
2020-04-04 17:00:00;AV;26.41
2020-04-05 17:00:00;AV;13.32
2020-04-06 17:00:00;AV;3.20
2020-04-07 17:00:00;AV;1.48
2020-04-08 17:00:00;AV;5.05
2020-04-09 17:00:00;AV;8.67
2020-04-10 17:00:00;AV;8.36
2020-04-11 17:00:00;AV;5.30
2020-04-12 17:00:00;AV;1.95
2020-04-13 17:00:00;AV;0.39
2020-04-14 17:00:00;AV;1.21
2020-04-15 17:00:00;AV;4.62
2020-04-16 17:00:00;AV;9.19
2020-04-17 17:00:00;AV;6.98
2020-02-25 18:00:00;BA;0.00
2020-02-26 18:00:00;BA;0.41
2020-02-27 18:00:00;BA;0.03
2020-02-28 18:00:00;BA;0.00
2020-02-29 17:00:00;BA;0.00
2020-03-01 17:00:00;BA;0.16
2020-03-02 17:00:00;BA;0.52
2020-03-03 17:00:00;BA;0.79
2020-03-04 17:00:00;BA;0.78
2020-03-05 17:00:00;BA;0.42
2020-03-06 18:00:00;BA;0.12
2020-03-07 18:00:00;BA;0.41
2020-03-08 18:00:00;BA;1.63
2020-03-09 18:00:00;BA;3.36
2020-03-10 18:00:00;BA;4.97
2020-03-11 17:00:00;BA;6.02
2020-03-12 17:00:00;BA;6.81
2020-03-13 17:00:00;BA;7.79
2020-03-14 17:00:00;BA;9.35
2020-03-15 17:00:00;BA;11.62
2020-03-16 17:00:00;BA;14.67
2020-03-17 17:00:00;BA;18.44
2020-03-18 17:00:00;BA;22.45
2020-03-19 17:00:00;BA;26.12
2020-03-20 17:00:00;BA;29.01
2020-03-21 17:00:00;BA;31.29
2020-03-22 17:00:00;BA;33.28
2020-03-23 17:00:00;BA;35.28
2020-03-24 17:00:00;BA;37.49
2020-03-25 17:00:00;BA;40.08
2020-03-26 17:00:00;BA;43.07
2020-03-27 17:00:00;BA;45.87
2020-03-28 17:00:00;BA;47.76
2020-03-29 17:00:00;BA;48.15
2020-03-30 17:00:00;BA;47.13
2020-03-31 17:00:00;BA;44.95
2020-04-01 17:00:00;BA;41.87
2020-04-02 17:00:00;BA;38.16
2020-04-03 17:00:00;BA;34.09
2020-04-04 17:00:00;BA;29.94
2020-04-05 17:00:00;BA;26.11
2020-04-06 17:00:00;BA;22.98
2020-04-07 17:00:00;BA;20.84
2020-04-08 17:00:00;BA;19.44
2020-04-09 17:00:00;BA;18.42
2020-04-10 17:00:00;BA;17.71
2020-04-11 17:00:00;BA;18.32
2020-04-12 17:00:00;BA;21.56
2020-04-13 17:00:00;BA;27.50
2020-04-14 17:00:00;BA;31.21
2020-04-15 17:00:00;BA;26.58
2020-04-16 17:00:00;BA;14.14
2020-04-17 17:00:00;BA;21.23
2020-02-25 18:00:00;BT;0.00
2020-02-26 18:00:00;BT;0.06
2020-02-27 18:00:00;BT;0.00
2020-02-28 18:00:00;BT;0.00
2020-02-29 17:00:00;BT;0.09
2020-03-01 17:00:00;BT;0.17
2020-03-02 17:00:00;BT;0.05
2020-03-03 17:00:00;BT;0.00
2020-03-04 17:00:00;BT;0.03
2020-03-05 17:00:00;BT;0.52
2020-03-06 18:00:00;BT;1.01
2020-03-07 18:00:00;BT;1.02
2020-03-08 18:00:00;BT;0.29
2020-03-09 18:00:00;BT;0.00
2020-03-10 18:00:00;BT;0.00
2020-03-11 17:00:00;BT;1.26
2020-03-12 17:00:00;BT;3.43
2020-03-13 17:00:00;BT;4.92
2020-03-14 17:00:00;BT;4.81
2020-03-15 17:00:00;BT;3.57
2020-03-16 17:00:00;BT;2.04
2020-03-17 17:00:00;BT;0.97
2020-03-18 17:00:00;BT;0.74
2020-03-19 17:00:00;BT;1.65
2020-03-20 17:00:00;BT;3.80
2020-03-21 17:00:00;BT;6.49
2020-03-22 17:00:00;BT;8.83
2020-03-23 17:00:00;BT;10.09
2020-03-24 17:00:00;BT;10.20
2020-03-25 17:00:00;BT;9.26
2020-03-26 17:00:00;BT;7.51
2020-03-27 17:00:00;BT;5.80
2020-03-28 17:00:00;BT;5.17
2020-03-29 17:00:00;BT;6.16
2020-03-30 17:00:00;BT;7.47
2020-03-31 17:00:00;BT;7.34
2020-04-01 17:00:00;BT;4.83
2020-04-02 17:00:00;BT;2.24
2020-04-03 17:00:00;BT;2.71
2020-04-04 17:00:00;BT;8.10
2020-04-05 17:00:00;BT;15.32
2020-04-06 17:00:00;BT;20.04
2020-04-07 17:00:00;BT;19.39
2020-04-08 17:00:00;BT;16.48
2020-04-09 17:00:00;BT;15.89
2020-04-10 17:00:00;BT;20.41
2020-04-11 17:00:00;BT;25.47
2020-04-12 17:00:00;BT;24.72
2020-04-13 17:00:00;BT;14.78
2020-04-14 17:00:00;BT;4.24
2020-04-15 17:00:00;BT;4.65
2020-04-16 17:00:00;BT;17.35
2020-04-17 17:00:00;BT;2.71
2020-02-25 18:00:00;BL;0.00
2020-02-26 18:00:00;BL;0.65
2020-02-27 18:00:00;BL;0.00
2020-02-28 18:00:00;BL;0.00
2020-02-29 17:00:00;BL;1.10
2020-03-01 17:00:00;BL;2.28
2020-03-02 17:00:00;BL;1.56
2020-03-03 17:00:00;BL;0.12
2020-03-04 17:00:00;BL;0.00
2020-03-05 17:00:00;BL;1.73
2020-03-06 18:00:00;BL;4.51
2020-03-07 18:00:00;BL;6.07
2020-03-08 18:00:00;BL;5.09
2020-03-09 18:00:00;BL;3.35
2020-03-10 18:00:00;BL;3.37
2020-03-11 17:00:00;BL;6.77
2020-03-12 17:00:00;BL;11.47
2020-03-13 17:00:00;BL;14.47
2020-03-14 17:00:00;BL;13.81
2020-03-15 17:00:00;BL;11.72
2020-03-16 17:00:00;BL;11.46
2020-03-17 17:00:00;BL;15.25
2020-03-18 17:00:00;BL;21.02
2020-03-19 17:00:00;BL;25.64
2020-03-20 17:00:00;BL;26.76
2020-03-21 17:00:00;BL;25.14
2020-03-22 17:00:00;BL;22.31
2020-03-23 17:00:00;BL;19.71
2020-03-24 17:00:00;BL;18.30
2020-03-25 17:00:00;BL;18.95
2020-03-26 17:00:00;BL;22.02
2020-03-27 17:00:00;BL;25.75
2020-03-28 17:00:00;BL;27.88
2020-03-29 17:00:00;BL;26.88
2020-03-30 17:00:00;BL;24.09
2020-03-31 17:00:00;BL;21.58
2020-04-01 17:00:00;BL;20.85
2020-04-02 17:00:00;BL;21.10
2020-04-03 17:00:00;BL;20.98
2020-04-04 17:00:00;BL;19.60
2020-04-05 17:00:00;BL;18.06
2020-04-06 17:00:00;BL;17.97
2020-04-07 17:00:00;BL;20.20
2020-04-08 17:00:00;BL;22.78
2020-04-09 17:00:00;BL;23.01
2020-04-10 17:00:00;BL;19.25
2020-04-11 17:00:00;BL;14.08
2020-04-12 17:00:00;BL;11.13
2020-04-13 17:00:00;BL;13.01
2020-04-14 17:00:00;BL;18.24
2020-04-15 17:00:00;BL;24.29
2020-04-16 17:00:00;BL;31.55
2020-04-17 17:00:00;BL;52.06
2020-02-25 18:00:00;BN;0.00
2020-02-26 18:00:00;BN;0.11
2020-02-27 18:00:00;BN;0.00
2020-02-28 18:00:00;BN;0.00
2020-02-29 17:00:00;BN;0.18
2020-03-01 17:00:00;BN;0.29
2020-03-02 17:00:00;BN;0.00
2020-03-03 17:00:00;BN;0.00
2020-03-04 17:00:00;BN;0.00
2020-03-05 17:00:00;BN;0.12
2020-03-06 18:00:00;BN;0.94
2020-03-07 18:00:00;BN;1.41
2020-03-08 18:00:00;BN;1.14
2020-03-09 18:00:00;BN;0.45
2020-03-10 18:00:00;BN;0.00
2020-03-11 17:00:00;BN;0.00
2020-03-12 17:00:00;BN;0.00
2020-03-13 17:00:00;BN;0.15
2020-03-14 17:00:00;BN;0.23
2020-03-15 17:00:00;BN;0.21
2020-03-16 17:00:00;BN;0.24
2020-03-17 17:00:00;BN;0.44
2020-03-18 17:00:00;BN;0.83
2020-03-19 17:00:00;BN;1.41
2020-03-20 17:00:00;BN;2.09
2020-03-21 17:00:00;BN;2.50
2020-03-22 17:00:00;BN;2.18
2020-03-23 17:00:00;BN;0.92
2020-03-24 17:00:00;BN;0.00
2020-03-25 17:00:00;BN;0.00
2020-03-26 17:00:00;BN;0.00
2020-03-27 17:00:00;BN;2.74
2020-03-28 17:00:00;BN;7.33
2020-03-29 17:00:00;BN;13.17
2020-03-30 17:00:00;BN;17.77
2020-03-31 17:00:00;BN;18.16
2020-04-01 17:00:00;BN;12.69
2020-04-02 17:00:00;BN;4.95
2020-04-03 17:00:00;BN;0.00
2020-04-04 17:00:00;BN;0.87
2020-04-05 17:00:00;BN;5.75
2020-04-06 17:00:00;BN;10.77
2020-04-07 17:00:00;BN;13.00
2020-04-08 17:00:00;BN;12.56
2020-04-09 17:00:00;BN;10.32
2020-04-10 17:00:00;BN;7.16
2020-04-11 17:00:00;BN;3.99
2020-04-12 17:00:00;BN;1.71
2020-04-13 17:00:00;BN;0.90
2020-04-14 17:00:00;BN;0.79
2020-04-15 17:00:00;BN;0.25
2020-04-16 17:00:00;BN;0.00
2020-04-17 17:00:00;BN;7.02
2020-02-25 18:00:00;BG;15.88
2020-02-26 18:00:00;BG;18.97
2020-02-27 18:00:00;BG;19.64
2020-02-28 18:00:00;BG;32.10
2020-02-29 17:00:00;BG;50.83
2020-03-01 17:00:00;BG;65.40
2020-03-02 17:00:00;BG;68.93
2020-03-03 17:00:00;BG;68.81
2020-03-04 17:00:00;BG;75.97
2020-03-05 17:00:00;BG;98.08
2020-03-06 18:00:00;BG;129.58
2020-03-07 18:00:00;BG;161.66
2020-03-08 18:00:00;BG;188.47
2020-03-09 18:00:00;BG;216.10
2020-03-10 18:00:00;BG;253.62
2020-03-11 17:00:00;BG;305.46
2020-03-12 17:00:00;BG;357.41
2020-03-13 17:00:00;BG;390.62
2020-03-14 17:00:00;BG;392.55
2020-03-15 17:00:00;BG;375.95
2020-03-16 17:00:00;BG;359.88
2020-03-17 17:00:00;BG;359.57
2020-03-18 17:00:00;BG;374.78
2020-03-19 17:00:00;BG;401.47
2020-03-20 17:00:00;BG;433.08
2020-03-21 17:00:00;BG;453.21
2020-03-22 17:00:00;BG;442.99
2020-03-23 17:00:00;BG;393.56
2020-03-24 17:00:00;BG;336.20
2020-03-25 17:00:00;BG;312.19
2020-03-26 17:00:00;BG;345.65
2020-03-27 17:00:00;BG;391.86
2020-03-28 17:00:00;BG;388.92
2020-03-29 17:00:00;BG;298.20
2020-03-30 17:00:00;BG;174.14
2020-03-31 17:00:00;BG;94.43
2020-04-01 17:00:00;BG;111.99
2020-04-02 17:00:00;BG;180.59
2020-04-03 17:00:00;BG;229.22
2020-04-04 17:00:00;BG;206.79
2020-04-05 17:00:00;BG;141.89
2020-04-06 17:00:00;BG;83.06
2020-04-07 17:00:00;BG;66.62
2020-04-08 17:00:00;BG;80.14
2020-04-09 17:00:00;BG;98.98
2020-04-10 17:00:00;BG;103.61
2020-04-11 17:00:00;BG;94.88
2020-04-12 17:00:00;BG;78.72
2020-04-13 17:00:00;BG;60.92
2020-04-14 17:00:00;BG;46.55
2020-04-15 17:00:00;BG;40.52
2020-04-16 17:00:00;BG;47.58
2020-04-17 17:00:00;BG;71.80
2020-02-25 18:00:00;BI;0.00
2020-02-26 18:00:00;BI;0.00
2020-02-27 18:00:00;BI;0.02
2020-02-28 18:00:00;BI;0.02
2020-02-29 17:00:00;BI;0.00
2020-03-01 17:00:00;BI;0.00
2020-03-02 17:00:00;BI;0.00
2020-03-03 17:00:00;BI;0.07
2020-03-04 17:00:00;BI;0.42
2020-03-05 17:00:00;BI;1.10
2020-03-06 18:00:00;BI;2.17
2020-03-07 18:00:00;BI;3.68
2020-03-08 18:00:00;BI;5.55
2020-03-09 18:00:00;BI;7.08
2020-03-10 18:00:00;BI;7.41
2020-03-11 17:00:00;BI;6.11
2020-03-12 17:00:00;BI;4.42
2020-03-13 17:00:00;BI;3.99
2020-03-14 17:00:00;BI;5.96
2020-03-15 17:00:00;BI;9.47
2020-03-16 17:00:00;BI;13.12
2020-03-17 17:00:00;BI;15.98
2020-03-18 17:00:00;BI;18.89
2020-03-19 17:00:00;BI;23.14
2020-03-20 17:00:00;BI;29.26
2020-03-21 17:00:00;BI;34.81
2020-03-22 17:00:00;BI;36.57
2020-03-23 17:00:00;BI;32.69
2020-03-24 17:00:00;BI;26.71
2020-03-25 17:00:00;BI;23.49
2020-03-26 17:00:00;BI;26.28
2020-03-27 17:00:00;BI;31.81
2020-03-28 17:00:00;BI;35.15
2020-03-29 17:00:00;BI;32.82
2020-03-30 17:00:00;BI;27.11
2020-03-31 17:00:00;BI;21.71
2020-04-01 17:00:00;BI;19.37
2020-04-02 17:00:00;BI;18.87
2020-04-03 17:00:00;BI;18.00
2020-04-04 17:00:00;BI;15.26
2020-04-05 17:00:00;BI;11.92
2020-04-06 17:00:00;BI;9.96
2020-04-07 17:00:00;BI;10.71
2020-04-08 17:00:00;BI;12.90
2020-04-09 17:00:00;BI;14.59
2020-04-10 17:00:00;BI;14.52
2020-04-11 17:00:00;BI;14.07
2020-04-12 17:00:00;BI;15.26
2020-04-13 17:00:00;BI;18.86
2020-04-14 17:00:00;BI;20.59
2020-04-15 17:00:00;BI;14.88
2020-04-16 17:00:00;BI;2.43
2020-04-17 17:00:00;BI;8.95
2020-02-25 18:00:00;BO;0.04
2020-02-26 18:00:00;BO;0.00
2020-02-27 18:00:00;BO;0.47
2020-02-28 18:00:00;BO;0.66
2020-02-29 17:00:00;BO;0.40
2020-03-01 17:00:00;BO;0.39
2020-03-02 17:00:00;BO;1.20
2020-03-03 17:00:00;BO;3.05
2020-03-04 17:00:00;BO;6.03
2020-03-05 17:00:00;BO;9.97
2020-03-06 18:00:00;BO;13.56
2020-03-07 18:00:00;BO;15.23
2020-03-08 18:00:00;BO;14.09
2020-03-09 18:00:00;BO;12.08
2020-03-10 18:00:00;BO;11.86
2020-03-11 17:00:00;BO;15.35
2020-03-12 17:00:00;BO;21.68
2020-03-13 17:00:00;BO;29.24
2020-03-14 17:00:00;BO;36.66
2020-03-15 17:00:00;BO;43.46
2020-03-16 17:00:00;BO;49.36
2020-03-17 17:00:00;BO;54.32
2020-03-18 17:00:00;BO;59.04
2020-03-19 17:00:00;BO;64.46
2020-03-20 17:00:00;BO;71.51
2020-03-21 17:00:00;BO;81.16
2020-03-22 17:00:00;BO;94.37
2020-03-23 17:00:00;BO;111.49
2020-03-24 17:00:00;BO;130.24
2020-03-25 17:00:00;BO;147.69
2020-03-26 17:00:00;BO;160.85
2020-03-27 17:00:00;BO;166.55
2020-03-28 17:00:00;BO;161.55
2020-03-29 17:00:00;BO;144.93
2020-03-30 17:00:00;BO;125.04
2020-03-31 17:00:00;BO;112.56
2020-04-01 17:00:00;BO;114.36
2020-04-02 17:00:00;BO;122.06
2020-04-03 17:00:00;BO;123.46
2020-04-04 17:00:00;BO;110.28
2020-04-05 17:00:00;BO;89.81
2020-04-06 17:00:00;BO;73.25
2020-04-07 17:00:00;BO;69.39
2020-04-08 17:00:00;BO;77.35
2020-04-09 17:00:00;BO;93.89
2020-04-10 17:00:00;BO;114.01
2020-04-11 17:00:00;BO;125.94
2020-04-12 17:00:00;BO;116.19
2020-04-13 17:00:00;BO;79.81
2020-04-14 17:00:00;BO;46.06
2020-04-15 17:00:00;BO;52.72
2020-04-16 17:00:00;BO;111.39
2020-04-17 17:00:00;BO;128.83
2020-02-25 18:00:00;BZ;1.05
2020-02-26 18:00:00;BZ;0.00
2020-02-27 18:00:00;BZ;0.56
2020-02-28 18:00:00;BZ;0.36
2020-02-29 17:00:00;BZ;0.00
2020-03-01 17:00:00;BZ;0.00
2020-03-02 17:00:00;BZ;0.00
2020-03-03 17:00:00;BZ;1.43
2020-03-04 17:00:00;BZ;1.85
2020-03-05 17:00:00;BZ;0.42
2020-03-06 18:00:00;BZ;0.00
2020-03-07 18:00:00;BZ;0.00
2020-03-08 18:00:00;BZ;4.57
2020-03-09 18:00:00;BZ;12.18
2020-03-10 18:00:00;BZ;20.61
2020-03-11 17:00:00;BZ;28.03
2020-03-12 17:00:00;BZ;33.17
2020-03-13 17:00:00;BZ;34.89
2020-03-14 17:00:00;BZ;33.17
2020-03-15 17:00:00;BZ;32.52
2020-03-16 17:00:00;BZ;38.52
2020-03-17 17:00:00;BZ;54.32
2020-03-18 17:00:00;BZ;73.18
2020-03-19 17:00:00;BZ;85.90
2020-03-20 17:00:00;BZ;85.81
2020-03-21 17:00:00;BZ;76.42
2020-03-22 17:00:00;BZ;63.77
2020-03-23 17:00:00;BZ;53.53
2020-03-24 17:00:00;BZ;49.79
2020-03-25 17:00:00;BZ;56.23
2020-03-26 17:00:00;BZ;74.09
2020-03-27 17:00:00;BZ;94.72
2020-03-28 17:00:00;BZ;107.00
2020-03-29 17:00:00;BZ;103.06
2020-03-30 17:00:00;BZ;87.97
2020-03-31 17:00:00;BZ;70.03
2020-04-01 17:00:00;BZ;56.39
2020-04-02 17:00:00;BZ;49.53
2020-04-03 17:00:00;BZ;50.76
2020-04-04 17:00:00;BZ;59.77
2020-04-05 17:00:00;BZ;69.70
2020-04-06 17:00:00;BZ;72.08
2020-04-07 17:00:00;BZ;61.86
2020-04-08 17:00:00;BZ;47.75
2020-04-09 17:00:00;BZ;41.85
2020-04-10 17:00:00;BZ;51.85
2020-04-11 17:00:00;BZ;67.60
2020-04-12 17:00:00;BZ;74.52
2020-04-13 17:00:00;BZ;63.18
2020-04-14 17:00:00;BZ;44.94
2020-04-15 17:00:00;BZ;36.30
2020-04-16 17:00:00;BZ;43.17
2020-04-17 17:00:00;BZ;28.98
2020-02-25 18:00:00;BS;0.00
2020-02-26 18:00:00;BS;4.93
2020-02-27 18:00:00;BS;1.94
2020-02-28 18:00:00;BS;4.43
2020-02-29 17:00:00;BS;11.47
2020-03-01 17:00:00;BS;18.48
2020-03-02 17:00:00;BS;22.25
2020-03-03 17:00:00;BS;25.07
2020-03-04 17:00:00;BS;30.59
2020-03-05 17:00:00;BS;42.67
2020-03-06 18:00:00;BS;66.03
2020-03-07 18:00:00;BS;105.59
2020-03-08 18:00:00;BS;162.25
2020-03-09 18:00:00;BS;220.85
2020-03-10 18:00:00;BS;262.21
2020-03-11 17:00:00;BS;274.25
2020-03-12 17:00:00;BS;273.30
2020-03-13 17:00:00;BS;282.80
2020-03-14 17:00:00;BS;318.87
2020-03-15 17:00:00;BS;368.30
2020-03-16 17:00:00;BS;410.57
2020-03-17 17:00:00;BS;430.31
2020-03-18 17:00:00;BS;432.78
2020-03-19 17:00:00;BS;428.42
2020-03-20 17:00:00;BS;425.14
2020-03-21 17:00:00;BS;420.84
2020-03-22 17:00:00;BS;410.91
2020-03-23 17:00:00;BS;393.12
2020-03-24 17:00:00;BS;374.83
2020-03-25 17:00:00;BS;365.78
2020-03-26 17:00:00;BS;370.58
2020-03-27 17:00:00;BS;373.23
2020-03-28 17:00:00;BS;352.61
2020-03-29 17:00:00;BS;296.60
2020-03-30 17:00:00;BS;229.18
2020-03-31 17:00:00;BS;183.33
2020-04-01 17:00:00;BS;181.21
2020-04-02 17:00:00;BS;201.65
2020-04-03 17:00:00;BS;212.67
2020-04-04 17:00:00;BS;192.40
2020-04-05 17:00:00;BS;159.45
2020-04-06 17:00:00;BS;142.55
2020-04-07 17:00:00;BS;162.02
2020-04-08 17:00:00;BS;204.55
2020-04-09 17:00:00;BS;248.41
2020-04-10 17:00:00;BS;274.02
2020-04-11 17:00:00;BS;270.36
2020-04-12 17:00:00;BS;228.54
2020-04-13 17:00:00;BS;150.68
2020-04-14 17:00:00;BS;82.77
2020-04-15 17:00:00;BS;81.81
2020-04-16 17:00:00;BS;167.72
2020-04-17 17:00:00;BS;212.04
2020-02-25 18:00:00;BR;0.00
2020-02-26 18:00:00;BR;0.00
2020-02-27 18:00:00;BR;0.00
2020-02-28 18:00:00;BR;0.00
2020-02-29 17:00:00;BR;0.00
2020-03-01 17:00:00;BR;0.00
2020-03-02 17:00:00;BR;0.00
2020-03-03 17:00:00;BR;0.00
2020-03-04 17:00:00;BR;0.04
2020-03-05 17:00:00;BR;0.19
2020-03-06 18:00:00;BR;0.46
2020-03-07 18:00:00;BR;0.88
2020-03-08 18:00:00;BR;1.46
2020-03-09 18:00:00;BR;2.15
2020-03-10 18:00:00;BR;2.87
2020-03-11 17:00:00;BR;3.58
2020-03-12 17:00:00;BR;4.29
2020-03-13 17:00:00;BR;5.05
2020-03-14 17:00:00;BR;5.93
2020-03-15 17:00:00;BR;7.02
2020-03-16 17:00:00;BR;8.45
2020-03-17 17:00:00;BR;10.19
2020-03-18 17:00:00;BR;11.53
2020-03-19 17:00:00;BR;11.60
2020-03-20 17:00:00;BR;9.90
2020-03-21 17:00:00;BR;7.32
2020-03-22 17:00:00;BR;5.11
2020-03-23 17:00:00;BR;4.23
2020-03-24 17:00:00;BR;4.65
2020-03-25 17:00:00;BR;6.03
2020-03-26 17:00:00;BR;8.00
2020-03-27 17:00:00;BR;9.87
2020-03-28 17:00:00;BR;10.91
2020-03-29 17:00:00;BR;10.71
2020-03-30 17:00:00;BR;10.26
2020-03-31 17:00:00;BR;10.88
2020-04-01 17:00:00;BR;13.33
2020-04-02 17:00:00;BR;16.07
2020-04-03 17:00:00;BR;17.03
2020-04-04 17:00:00;BR;14.89
2020-04-05 17:00:00;BR;11.49
2020-04-06 17:00:00;BR;9.46
2020-04-07 17:00:00;BR;10.64
2020-04-08 17:00:00;BR;13.85
2020-04-09 17:00:00;BR;17.15
2020-04-10 17:00:00;BR;19.06
2020-04-11 17:00:00;BR;20.01
2020-04-12 17:00:00;BR;20.88
2020-04-13 17:00:00;BR;22.02
2020-04-14 17:00:00;BR;21.60
2020-04-15 17:00:00;BR;17.24
2020-04-16 17:00:00;BR;9.56
2020-04-17 17:00:00;BR;11.18
2020-02-25 18:00:00;CA;0.00
2020-02-26 18:00:00;CA;0.14
2020-02-27 18:00:00;CA;0.00
2020-02-28 18:00:00;CA;0.00
2020-02-29 17:00:00;CA;0.20
2020-03-01 17:00:00;CA;0.43
2020-03-02 17:00:00;CA;0.27
2020-03-03 17:00:00;CA;0.01
2020-03-04 17:00:00;CA;0.08
2020-03-05 17:00:00;CA;0.76
2020-03-06 18:00:00;CA;1.76
2020-03-07 18:00:00;CA;2.64
2020-03-08 18:00:00;CA;3.02
2020-03-09 18:00:00;CA;2.82
2020-03-10 18:00:00;CA;2.05
2020-03-11 17:00:00;CA;0.83
2020-03-12 17:00:00;CA;0.00
2020-03-13 17:00:00;CA;0.00
2020-03-14 17:00:00;CA;1.05
2020-03-15 17:00:00;CA;3.07
2020-03-16 17:00:00;CA;4.73
2020-03-17 17:00:00;CA;5.27
2020-03-18 17:00:00;CA;5.03
2020-03-19 17:00:00;CA;4.65
2020-03-20 17:00:00;CA;4.62
2020-03-21 17:00:00;CA;4.94
2020-03-22 17:00:00;CA;5.43
2020-03-23 17:00:00;CA;5.98
2020-03-24 17:00:00;CA;6.56
2020-03-25 17:00:00;CA;7.16
2020-03-26 17:00:00;CA;7.71
2020-03-27 17:00:00;CA;7.85
2020-03-28 17:00:00;CA;7.14
2020-03-29 17:00:00;CA;5.48
2020-03-30 17:00:00;CA;4.02
2020-03-31 17:00:00;CA;4.25
2020-04-01 17:00:00;CA;6.92
2020-04-02 17:00:00;CA;9.95
2020-04-03 17:00:00;CA;10.51
2020-04-04 17:00:00;CA;6.93
2020-04-05 17:00:00;CA;1.92
2020-04-06 17:00:00;CA;0.00
2020-04-07 17:00:00;CA;1.82
2020-04-08 17:00:00;CA;6.91
2020-04-09 17:00:00;CA;10.93
2020-04-10 17:00:00;CA;11.22
2020-04-11 17:00:00;CA;9.04
2020-04-12 17:00:00;CA;6.63
2020-04-13 17:00:00;CA;5.65
2020-04-14 17:00:00;CA;5.27
2020-04-15 17:00:00;CA;4.10
2020-04-16 17:00:00;CA;1.86
2020-04-17 17:00:00;CA;2.89
2020-02-25 18:00:00;CL;0.00
2020-02-26 18:00:00;CL;0.01
2020-02-27 18:00:00;CL;0.00
2020-02-28 18:00:00;CL;0.00
2020-02-29 17:00:00;CL;0.01
2020-03-01 17:00:00;CL;0.02
2020-03-02 17:00:00;CL;0.00
2020-03-03 17:00:00;CL;0.00
2020-03-04 17:00:00;CL;0.00
2020-03-05 17:00:00;CL;0.02
2020-03-06 18:00:00;CL;0.07
2020-03-07 18:00:00;CL;0.05
2020-03-08 18:00:00;CL;0.00
2020-03-09 18:00:00;CL;0.00
2020-03-10 18:00:00;CL;0.03
2020-03-11 17:00:00;CL;0.50
2020-03-12 17:00:00;CL;0.96
2020-03-13 17:00:00;CL;0.96
2020-03-14 17:00:00;CL;0.30
2020-03-15 17:00:00;CL;0.00
2020-03-16 17:00:00;CL;0.00
2020-03-17 17:00:00;CL;1.53
2020-03-18 17:00:00;CL;3.78
2020-03-19 17:00:00;CL;5.44
2020-03-20 17:00:00;CL;5.67
2020-03-21 17:00:00;CL;5.02
2020-03-22 17:00:00;CL;4.40
2020-03-23 17:00:00;CL;4.51
2020-03-24 17:00:00;CL;5.13
2020-03-25 17:00:00;CL;5.82
2020-03-26 17:00:00;CL;6.22
2020-03-27 17:00:00;CL;6.13
2020-03-28 17:00:00;CL;5.43
2020-03-29 17:00:00;CL;4.15
2020-03-30 17:00:00;CL;2.94
2020-03-31 17:00:00;CL;2.63
2020-04-01 17:00:00;CL;3.71
2020-04-02 17:00:00;CL;5.40
2020-04-03 17:00:00;CL;6.61
2020-04-04 17:00:00;CL;6.53
2020-04-05 17:00:00;CL;5.52
2020-04-06 17:00:00;CL;4.20
2020-04-07 17:00:00;CL;3.15
2020-04-08 17:00:00;CL;2.68
2020-04-09 17:00:00;CL;3.01
2020-04-10 17:00:00;CL;4.19
2020-04-11 17:00:00;CL;5.45
2020-04-12 17:00:00;CL;5.85
2020-04-13 17:00:00;CL;4.79
2020-04-14 17:00:00;CL;3.02
2020-04-15 17:00:00;CL;1.69
2020-04-16 17:00:00;CL;1.30
2020-04-17 17:00:00;CL;0.00
2020-02-25 18:00:00;CB;0.01
2020-02-26 18:00:00;CB;0.00
2020-02-27 18:00:00;CB;0.17
2020-02-28 18:00:00;CB;0.05
2020-02-29 17:00:00;CB;0.00
2020-03-01 17:00:00;CB;0.00
2020-03-02 17:00:00;CB;0.56
2020-03-03 17:00:00;CB;1.64
2020-03-04 17:00:00;CB;2.61
2020-03-05 17:00:00;CB;3.07
2020-03-06 18:00:00;CB;3.00
2020-03-07 18:00:00;CB;2.43
2020-03-08 18:00:00;CB;1.47
2020-03-09 18:00:00;CB;0.52
2020-03-10 18:00:00;CB;0.00
2020-03-11 17:00:00;CB;0.21
2020-03-12 17:00:00;CB;0.74
2020-03-13 17:00:00;CB;0.99
2020-03-14 17:00:00;CB;0.66
2020-03-15 17:00:00;CB;0.36
2020-03-16 17:00:00;CB;1.00
2020-03-17 17:00:00;CB;3.07
2020-03-18 17:00:00;CB;5.52
2020-03-19 17:00:00;CB;6.93
2020-03-20 17:00:00;CB;6.36
2020-03-21 17:00:00;CB;4.84
2020-03-22 17:00:00;CB;3.90
2020-03-23 17:00:00;CB;4.65
2020-03-24 17:00:00;CB;6.48
2020-03-25 17:00:00;CB;8.37
2020-03-26 17:00:00;CB;9.48
2020-03-27 17:00:00;CB;9.84
2020-03-28 17:00:00;CB;9.70
2020-03-29 17:00:00;CB;9.29
2020-03-30 17:00:00;CB;8.89
2020-03-31 17:00:00;CB;8.78
2020-04-01 17:00:00;CB;9.06
2020-04-02 17:00:00;CB;9.14
2020-04-03 17:00:00;CB;8.25
2020-04-04 17:00:00;CB;5.97
2020-04-05 17:00:00;CB;3.43
2020-04-06 17:00:00;CB;2.10
2020-04-07 17:00:00;CB;2.94
2020-04-08 17:00:00;CB;4.83
2020-04-09 17:00:00;CB;6.14
2020-04-10 17:00:00;CB;5.69
2020-04-11 17:00:00;CB;4.15
2020-04-12 17:00:00;CB;2.64
2020-04-13 17:00:00;CB;2.01
2020-04-14 17:00:00;CB;1.95
2020-04-15 17:00:00;CB;1.89
2020-04-16 17:00:00;CB;1.93
2020-04-17 17:00:00;CB;4.76
2020-02-25 18:00:00;CE;0.00
2020-02-26 18:00:00;CE;0.72
2020-02-27 18:00:00;CE;0.00
2020-02-28 18:00:00;CE;0.00
2020-02-29 17:00:00;CE;1.23
2020-03-01 17:00:00;CE;1.93
2020-03-02 17:00:00;CE;0.00
2020-03-03 17:00:00;CE;0.00
2020-03-04 17:00:00;CE;0.00
2020-03-05 17:00:00;CE;0.68
2020-03-06 18:00:00;CE;6.29
2020-03-07 18:00:00;CE;9.96
2020-03-08 18:00:00;CE;9.10
2020-03-09 18:00:00;CE;5.52
2020-03-10 18:00:00;CE;2.13
2020-03-11 17:00:00;CE;1.13
2020-03-12 17:00:00;CE;2.01
2020-03-13 17:00:00;CE;3.56
2020-03-14 17:00:00;CE;4.85
2020-03-15 17:00:00;CE;6.02
2020-03-16 17:00:00;CE;7.45
2020-03-17 17:00:00;CE;9.35
2020-03-18 17:00:00;CE;11.02
2020-03-19 17:00:00;CE;11.56
2020-03-20 17:00:00;CE;10.54
2020-03-21 17:00:00;CE;9.36
2020-03-22 17:00:00;CE;9.90
2020-03-23 17:00:00;CE;13.17
2020-03-24 17:00:00;CE;16.74
2020-03-25 17:00:00;CE;17.34
2020-03-26 17:00:00;CE;12.99
2020-03-27 17:00:00;CE;6.93
2020-03-28 17:00:00;CE;3.73
2020-03-29 17:00:00;CE;6.44
2020-03-30 17:00:00;CE;12.18
2020-03-31 17:00:00;CE;16.57
2020-04-01 17:00:00;CE;16.52
2020-04-02 17:00:00;CE;14.03
2020-04-03 17:00:00;CE;12.40
2020-04-04 17:00:00;CE;13.93
2020-04-05 17:00:00;CE;16.85
2020-04-06 17:00:00;CE;18.38
2020-04-07 17:00:00;CE;16.58
2020-04-08 17:00:00;CE;12.81
2020-04-09 17:00:00;CE;9.25
2020-04-10 17:00:00;CE;7.56
2020-04-11 17:00:00;CE;7.19
2020-04-12 17:00:00;CE;7.07
2020-04-13 17:00:00;CE;6.36
2020-04-14 17:00:00;CE;5.18
2020-04-15 17:00:00;CE;3.92
2020-04-16 17:00:00;CE;2.61
2020-04-17 17:00:00;CE;0.05
2020-02-25 18:00:00;CT;0.00
2020-02-26 18:00:00;CT;0.04
2020-02-27 18:00:00;CT;0.76
2020-02-28 18:00:00;CT;0.59
2020-02-29 17:00:00;CT;0.00
2020-03-01 17:00:00;CT;0.00
2020-03-02 17:00:00;CT;0.00
2020-03-03 17:00:00;CT;0.54
2020-03-04 17:00:00;CT;1.95
2020-03-05 17:00:00;CT;3.50
2020-03-06 18:00:00;CT;4.93
2020-03-07 18:00:00;CT;6.00
2020-03-08 18:00:00;CT;6.49
2020-03-09 18:00:00;CT;6.34
2020-03-10 18:00:00;CT;5.57
2020-03-11 17:00:00;CT;4.39
2020-03-12 17:00:00;CT;4.05
2020-03-13 17:00:00;CT;6.02
2020-03-14 17:00:00;CT;11.01
2020-03-15 17:00:00;CT;16.58
2020-03-16 17:00:00;CT;19.52
2020-03-17 17:00:00;CT;17.90
2020-03-18 17:00:00;CT;14.89
2020-03-19 17:00:00;CT;14.92
2020-03-20 17:00:00;CT;20.84
2020-03-21 17:00:00;CT;29.20
2020-03-22 17:00:00;CT;34.96
2020-03-23 17:00:00;CT;34.49
2020-03-24 17:00:00;CT;29.81
2020-03-25 17:00:00;CT;24.36
2020-03-26 17:00:00;CT;21.07
2020-03-27 17:00:00;CT;20.81
2020-03-28 17:00:00;CT;23.95
2020-03-29 17:00:00;CT;30.12
2020-03-30 17:00:00;CT;35.92
2020-03-31 17:00:00;CT;37.23
2020-04-01 17:00:00;CT;31.52
2020-04-02 17:00:00;CT;22.61
2020-04-03 17:00:00;CT;15.96
2020-04-04 17:00:00;CT;15.41
2020-04-05 17:00:00;CT;18.41
2020-04-06 17:00:00;CT;20.84
2020-04-07 17:00:00;CT;19.63
2020-04-08 17:00:00;CT;16.02
2020-04-09 17:00:00;CT;12.27
2020-04-10 17:00:00;CT;10.22
2020-04-11 17:00:00;CT;9.79
2020-04-12 17:00:00;CT;10.46
2020-04-13 17:00:00;CT;11.60
2020-04-14 17:00:00;CT;12.25
2020-04-15 17:00:00;CT;11.38
2020-04-16 17:00:00;CT;9.09
2020-04-17 17:00:00;CT;10.11
2020-02-25 18:00:00;CZ;0.00
2020-02-26 18:00:00;CZ;0.00
2020-02-27 18:00:00;CZ;0.04
2020-02-28 18:00:00;CZ;0.03
2020-02-29 17:00:00;CZ;0.00
2020-03-01 17:00:00;CZ;0.00
2020-03-02 17:00:00;CZ;0.00
2020-03-03 17:00:00;CZ;0.13
2020-03-04 17:00:00;CZ;0.33
2020-03-05 17:00:00;CZ;0.54
2020-03-06 18:00:00;CZ;0.67
2020-03-07 18:00:00;CZ;0.62
2020-03-08 18:00:00;CZ;0.36
2020-03-09 18:00:00;CZ;0.04
2020-03-10 18:00:00;CZ;0.00
2020-03-11 17:00:00;CZ;0.04
2020-03-12 17:00:00;CZ;0.36
2020-03-13 17:00:00;CZ;0.63
2020-03-14 17:00:00;CZ;0.78
2020-03-15 17:00:00;CZ;1.21
2020-03-16 17:00:00;CZ;2.44
2020-03-17 17:00:00;CZ;4.68
2020-03-18 17:00:00;CZ;6.97
2020-03-19 17:00:00;CZ;8.01
2020-03-20 17:00:00;CZ;6.96
2020-03-21 17:00:00;CZ;4.73
2020-03-22 17:00:00;CZ;2.71
2020-03-23 17:00:00;CZ;2.12
2020-03-24 17:00:00;CZ;3.67
2020-03-25 17:00:00;CZ;7.95
2020-03-26 17:00:00;CZ;14.77
2020-03-27 17:00:00;CZ;20.92
2020-03-28 17:00:00;CZ;22.40
2020-03-29 17:00:00;CZ;16.79
2020-03-30 17:00:00;CZ;7.88
2020-03-31 17:00:00;CZ;1.03
2020-04-01 17:00:00;CZ;0.09
2020-04-02 17:00:00;CZ;2.82
2020-04-03 17:00:00;CZ;5.48
2020-04-04 17:00:00;CZ;5.32
2020-04-05 17:00:00;CZ;3.52
2020-04-06 17:00:00;CZ;2.28
2020-04-07 17:00:00;CZ;3.11
2020-04-08 17:00:00;CZ;4.89
2020-04-09 17:00:00;CZ;5.87
2020-04-10 17:00:00;CZ;4.80
2020-04-11 17:00:00;CZ;2.70
2020-04-12 17:00:00;CZ;1.11
2020-04-13 17:00:00;CZ;1.18
2020-04-14 17:00:00;CZ;2.47
2020-04-15 17:00:00;CZ;4.13
2020-04-16 17:00:00;CZ;4.80
2020-04-17 17:00:00;CZ;0.90
2020-02-25 18:00:00;CH;0.01
2020-02-26 18:00:00;CH;0.00
2020-02-27 18:00:00;CH;0.11
2020-02-28 18:00:00;CH;0.07
2020-02-29 17:00:00;CH;0.00
2020-03-01 17:00:00;CH;0.00
2020-03-02 17:00:00;CH;0.00
2020-03-03 17:00:00;CH;0.33
2020-03-04 17:00:00;CH;0.67
2020-03-05 17:00:00;CH;0.89
2020-03-06 18:00:00;CH;0.99
2020-03-07 18:00:00;CH;1.04
2020-03-08 18:00:00;CH;1.13
2020-03-09 18:00:00;CH;1.46
2020-03-10 18:00:00;CH;2.25
2020-03-11 17:00:00;CH;3.57
2020-03-12 17:00:00;CH;4.85
2020-03-13 17:00:00;CH;5.37
2020-03-14 17:00:00;CH;4.72
2020-03-15 17:00:00;CH;3.84
2020-03-16 17:00:00;CH;3.99
2020-03-17 17:00:00;CH;6.03
2020-03-18 17:00:00;CH;9.26
2020-03-19 17:00:00;CH;12.59
2020-03-20 17:00:00;CH;15.03
2020-03-21 17:00:00;CH;16.07
2020-03-22 17:00:00;CH;15.32
2020-03-23 17:00:00;CH;12.94
2020-03-24 17:00:00;CH;11.36
2020-03-25 17:00:00;CH;13.57
2020-03-26 17:00:00;CH;21.08
2020-03-27 17:00:00;CH;29.49
2020-03-28 17:00:00;CH;32.91
2020-03-29 17:00:00;CH;27.48
2020-03-30 17:00:00;CH;17.37
2020-03-31 17:00:00;CH;8.77
2020-04-01 17:00:00;CH;6.22
2020-04-02 17:00:00;CH;7.74
2020-04-03 17:00:00;CH;9.70
2020-04-04 17:00:00;CH;9.41
2020-04-05 17:00:00;CH;7.91
2020-04-06 17:00:00;CH;7.19
2020-04-07 17:00:00;CH;8.85
2020-04-08 17:00:00;CH;12.93
2020-04-09 17:00:00;CH;19.09
2020-04-10 17:00:00;CH;26.23
2020-04-11 17:00:00;CH;30.16
2020-04-12 17:00:00;CH;25.95
2020-04-13 17:00:00;CH;11.92
2020-04-14 17:00:00;CH;0.00
2020-04-15 17:00:00;CH;2.86
2020-04-16 17:00:00;CH;29.19
2020-04-17 17:00:00;CH;54.10
2020-02-25 18:00:00;CO;0.02
2020-02-26 18:00:00;CO;0.00
2020-02-27 18:00:00;CO;0.21
2020-02-28 18:00:00;CO;0.37
2020-02-29 17:00:00;CO;0.38
2020-03-01 17:00:00;CO;0.51
2020-03-02 17:00:00;CO;0.95
2020-03-03 17:00:00;CO;1.62
2020-03-04 17:00:00;CO;2.37
2020-03-05 17:00:00;CO;3.15
2020-03-06 18:00:00;CO;4.17
2020-03-07 18:00:00;CO;5.77
2020-03-08 18:00:00;CO;8.15
2020-03-09 18:00:00;CO;11.23
2020-03-10 18:00:00;CO;14.81
2020-03-11 17:00:00;CO;18.72
2020-03-12 17:00:00;CO;22.74
2020-03-13 17:00:00;CO;26.71
2020-03-14 17:00:00;CO;30.35
2020-03-15 17:00:00;CO;33.17
2020-03-16 17:00:00;CO;34.59
2020-03-17 17:00:00;CO;34.66
2020-03-18 17:00:00;CO;35.86
2020-03-19 17:00:00;CO;41.28
2020-03-20 17:00:00;CO;52.38
2020-03-21 17:00:00;CO;64.04
2020-03-22 17:00:00;CO;69.47
2020-03-23 17:00:00;CO;64.62
2020-03-24 17:00:00;CO;56.22
2020-03-25 17:00:00;CO;53.69
2020-03-26 17:00:00;CO;63.08
2020-03-27 17:00:00;CO;76.96
2020-03-28 17:00:00;CO;84.50
2020-03-29 17:00:00;CO;78.21
2020-03-30 17:00:00;CO;63.86
2020-03-31 17:00:00;CO;50.58
2020-04-01 17:00:00;CO;45.50
2020-04-02 17:00:00;CO;47.87
2020-04-03 17:00:00;CO;54.97
2020-04-04 17:00:00;CO;63.72
2020-04-05 17:00:00;CO;69.57
2020-04-06 17:00:00;CO;67.62
2020-04-07 17:00:00;CO;56.11
2020-04-08 17:00:00;CO;45.88
2020-04-09 17:00:00;CO;50.93
2020-04-10 17:00:00;CO;78.84
2020-04-11 17:00:00;CO;111.52
2020-04-12 17:00:00;CO;124.46
2020-04-13 17:00:00;CO;102.69
2020-04-14 17:00:00;CO;69.38
2020-04-15 17:00:00;CO;57.27
2020-04-16 17:00:00;CO;77.16
2020-04-17 17:00:00;CO;52.23
2020-02-25 18:00:00;CS;0.01
2020-02-26 18:00:00;CS;0.00
2020-02-27 18:00:00;CS;0.35
2020-02-28 18:00:00;CS;0.49
2020-02-29 17:00:00;CS;0.31
2020-03-01 17:00:00;CS;0.06
2020-03-02 17:00:00;CS;0.00
2020-03-03 17:00:00;CS;0.00
2020-03-04 17:00:00;CS;0.00
2020-03-05 17:00:00;CS;0.00
2020-03-06 18:00:00;CS;0.09
2020-03-07 18:00:00;CS;0.31
2020-03-08 18:00:00;CS;0.70
2020-03-09 18:00:00;CS;1.15
2020-03-10 18:00:00;CS;1.51
2020-03-11 17:00:00;CS;1.71
2020-03-12 17:00:00;CS;1.88
2020-03-13 17:00:00;CS;2.19
2020-03-14 17:00:00;CS;2.75
2020-03-15 17:00:00;CS;3.46
2020-03-16 17:00:00;CS;4.13
2020-03-17 17:00:00;CS;4.64
2020-03-18 17:00:00;CS;5.19
2020-03-19 17:00:00;CS;6.06
2020-03-20 17:00:00;CS;7.37
2020-03-21 17:00:00;CS;8.70
2020-03-22 17:00:00;CS;9.48
2020-03-23 17:00:00;CS;9.49
2020-03-24 17:00:00;CS;9.84
2020-03-25 17:00:00;CS;11.97
2020-03-26 17:00:00;CS;16.52
2020-03-27 17:00:00;CS;21.02
2020-03-28 17:00:00;CS;22.17
2020-03-29 17:00:00;CS;17.89
2020-03-30 17:00:00;CS;10.80
2020-03-31 17:00:00;CS;4.74
2020-04-01 17:00:00;CS;2.63
2020-04-02 17:00:00;CS;3.92
2020-04-03 17:00:00;CS;7.13
2020-04-04 17:00:00;CS;10.89
2020-04-05 17:00:00;CS;14.05
2020-04-06 17:00:00;CS;15.52
2020-04-07 17:00:00;CS;14.62
2020-04-08 17:00:00;CS;12.19
2020-04-09 17:00:00;CS;9.46
2020-04-10 17:00:00;CS;7.40
2020-04-11 17:00:00;CS;5.92
2020-04-12 17:00:00;CS;4.66
2020-04-13 17:00:00;CS;4.00
2020-04-14 17:00:00;CS;7.12
2020-04-15 17:00:00;CS;17.96
2020-04-16 17:00:00;CS;31.99
2020-04-17 17:00:00;CS;10.88
2020-02-25 18:00:00;CR;51.97
2020-02-26 18:00:00;CR;12.24
2020-02-27 18:00:00;CR;18.36
2020-02-28 18:00:00;CR;31.41
2020-02-29 17:00:00;CR;41.26
2020-03-01 17:00:00;CR;44.98
2020-03-02 17:00:00;CR;41.60
2020-03-03 17:00:00;CR;37.93
2020-03-04 17:00:00;CR;42.75
2020-03-05 17:00:00;CR;61.65
2020-03-06 18:00:00;CR;87.61
2020-03-07 18:00:00;CR;110.41
2020-03-08 18:00:00;CR;122.58
2020-03-09 18:00:00;CR;127.49
2020-03-10 18:00:00;CR;131.24
2020-03-11 17:00:00;CR;138.49
2020-03-12 17:00:00;CR;148.08
2020-03-13 17:00:00;CR;157.45
2020-03-14 17:00:00;CR;164.07
2020-03-15 17:00:00;CR;165.71
2020-03-16 17:00:00;CR;160.20
2020-03-17 17:00:00;CR;147.47
2020-03-18 17:00:00;CR;135.81
2020-03-19 17:00:00;CR;135.61
2020-03-20 17:00:00;CR;152.44
2020-03-21 17:00:00;CR;172.54
2020-03-22 17:00:00;CR;177.30
2020-03-23 17:00:00;CR;155.29
2020-03-24 17:00:00;CR;123.64
2020-03-25 17:00:00;CR;106.64
2020-03-26 17:00:00;CR;119.88
2020-03-27 17:00:00;CR;144.11
2020-03-28 17:00:00;CR;151.43
2020-03-29 17:00:00;CR;123.35
2020-03-30 17:00:00;CR;79.28
2020-03-31 17:00:00;CR;48.07
2020-04-01 17:00:00;CR;49.95
2020-04-02 17:00:00;CR;70.57
2020-04-03 17:00:00;CR;86.99
2020-04-04 17:00:00;CR;82.60
2020-04-05 17:00:00;CR;66.22
2020-04-06 17:00:00;CR;53.06
2020-04-07 17:00:00;CR;54.32
2020-04-08 17:00:00;CR;65.25
2020-04-09 17:00:00;CR;77.12
2020-04-10 17:00:00;CR;84.47
2020-04-11 17:00:00;CR;94.85
2020-04-12 17:00:00;CR;119.08
2020-04-13 17:00:00;CR;158.69
2020-04-14 17:00:00;CR;178.00
2020-04-15 17:00:00;CR;132.03
2020-04-16 17:00:00;CR;23.51
2020-04-17 17:00:00;CR;45.94
2020-02-25 18:00:00;KR;0.00
2020-02-26 18:00:00;KR;0.00
2020-02-27 18:00:00;KR;0.00
2020-02-28 18:00:00;KR;0.00
2020-02-29 17:00:00;KR;0.00
2020-03-01 17:00:00;KR;0.00
2020-03-02 17:00:00;KR;0.00
2020-03-03 17:00:00;KR;0.00
2020-03-04 17:00:00;KR;0.00
2020-03-05 17:00:00;KR;0.02
2020-03-06 18:00:00;KR;0.02
2020-03-07 18:00:00;KR;0.00
2020-03-08 18:00:00;KR;0.00
2020-03-09 18:00:00;KR;0.00
2020-03-10 18:00:00;KR;0.42
2020-03-11 17:00:00;KR;1.38
2020-03-12 17:00:00;KR;2.42
2020-03-13 17:00:00;KR;3.02
2020-03-14 17:00:00;KR;2.88
2020-03-15 17:00:00;KR;2.63
2020-03-16 17:00:00;KR;3.12
2020-03-17 17:00:00;KR;4.88
2020-03-18 17:00:00;KR;7.07
2020-03-19 17:00:00;KR;8.55
2020-03-20 17:00:00;KR;8.49
2020-03-21 17:00:00;KR;7.34
2020-03-22 17:00:00;KR;5.91
2020-03-23 17:00:00;KR;4.87
2020-03-24 17:00:00;KR;4.38
2020-03-25 17:00:00;KR;4.47
2020-03-26 17:00:00;KR;5.03
2020-03-27 17:00:00;KR;5.46
2020-03-28 17:00:00;KR;5.02
2020-03-29 17:00:00;KR;3.33
2020-03-30 17:00:00;KR;1.36
2020-03-31 17:00:00;KR;0.46
2020-04-01 17:00:00;KR;1.50
2020-04-02 17:00:00;KR;3.45
2020-04-03 17:00:00;KR;4.84
2020-04-04 17:00:00;KR;4.59
2020-04-05 17:00:00;KR;3.20
2020-04-06 17:00:00;KR;1.60
2020-04-07 17:00:00;KR;0.53
2020-04-08 17:00:00;KR;0.08
2020-04-09 17:00:00;KR;0.21
2020-04-10 17:00:00;KR;0.77
2020-04-11 17:00:00;KR;1.37
2020-04-12 17:00:00;KR;1.54
2020-04-13 17:00:00;KR;0.97
2020-04-14 17:00:00;KR;0.16
2020-04-15 17:00:00;KR;0.00
2020-04-16 17:00:00;KR;0.09
2020-04-17 17:00:00;KR;0.00
2020-02-25 18:00:00;CN;0.00
2020-02-26 18:00:00;CN;0.04
2020-02-27 18:00:00;CN;0.00
2020-02-28 18:00:00;CN;0.00
2020-02-29 17:00:00;CN;0.07
2020-03-01 17:00:00;CN;0.11
2020-03-02 17:00:00;CN;0.00
2020-03-03 17:00:00;CN;0.00
2020-03-04 17:00:00;CN;0.00
2020-03-05 17:00:00;CN;0.13
2020-03-06 18:00:00;CN;0.76
2020-03-07 18:00:00;CN;1.69
2020-03-08 18:00:00;CN;2.85
2020-03-09 18:00:00;CN;4.00
2020-03-10 18:00:00;CN;4.81
2020-03-11 17:00:00;CN;5.23
2020-03-12 17:00:00;CN;6.14
2020-03-13 17:00:00;CN;8.70
2020-03-14 17:00:00;CN;13.51
2020-03-15 17:00:00;CN;19.06
2020-03-16 17:00:00;CN;23.32
2020-03-17 17:00:00;CN;25.07
2020-03-18 17:00:00;CN;26.40
2020-03-19 17:00:00;CN;30.23
2020-03-20 17:00:00;CN;38.27
2020-03-21 17:00:00;CN;47.33
2020-03-22 17:00:00;CN;53.02
2020-03-23 17:00:00;CN;52.20
2020-03-24 17:00:00;CN;46.75
2020-03-25 17:00:00;CN;39.83
2020-03-26 17:00:00;CN;34.37
2020-03-27 17:00:00;CN;32.57
2020-03-28 17:00:00;CN;36.42
2020-03-29 17:00:00;CN;46.44
2020-03-30 17:00:00;CN;57.20
2020-03-31 17:00:00;CN;61.81
2020-04-01 17:00:00;CN;56.40
2020-04-02 17:00:00;CN;49.15
2020-04-03 17:00:00;CN;51.30
2020-04-04 17:00:00;CN;69.22
2020-04-05 17:00:00;CN;89.89
2020-04-06 17:00:00;CN;95.44
2020-04-07 17:00:00;CN;74.74
2020-04-08 17:00:00;CN;43.67
2020-04-09 17:00:00;CN;24.84
2020-04-10 17:00:00;CN;34.68
2020-04-11 17:00:00;CN;64.86
2020-04-12 17:00:00;CN;100.85
2020-04-13 17:00:00;CN;127.40
2020-04-14 17:00:00;CN;126.42
2020-04-15 17:00:00;CN;79.11
2020-04-16 17:00:00;CN;6.01
2020-04-17 17:00:00;CN;85.12
2020-02-25 18:00:00;EN;0.00
2020-02-26 18:00:00;EN;0.00
2020-02-27 18:00:00;EN;0.03
2020-02-28 18:00:00;EN;0.02
2020-02-29 17:00:00;EN;0.00
2020-03-01 17:00:00;EN;0.00
2020-03-02 17:00:00;EN;0.00
2020-03-03 17:00:00;EN;0.07
2020-03-04 17:00:00;EN;0.13
2020-03-05 17:00:00;EN;0.12
2020-03-06 18:00:00;EN;0.06
2020-03-07 18:00:00;EN;0.00
2020-03-08 18:00:00;EN;0.00
2020-03-09 18:00:00;EN;0.00
2020-03-10 18:00:00;EN;0.10
2020-03-11 17:00:00;EN;0.40
2020-03-12 17:00:00;EN;0.62
2020-03-13 17:00:00;EN;0.52
2020-03-14 17:00:00;EN;0.01
2020-03-15 17:00:00;EN;0.00
2020-03-16 17:00:00;EN;0.93
2020-03-17 17:00:00;EN;3.71
2020-03-18 17:00:00;EN;6.55
2020-03-19 17:00:00;EN;7.30
2020-03-20 17:00:00;EN;4.86
2020-03-21 17:00:00;EN;2.31
2020-03-22 17:00:00;EN;3.77
2020-03-23 17:00:00;EN;11.77
2020-03-24 17:00:00;EN;22.43
2020-03-25 17:00:00;EN;30.27
2020-03-26 17:00:00;EN;31.23
2020-03-27 17:00:00;EN;26.83
2020-03-28 17:00:00;EN;20.00
2020-03-29 17:00:00;EN;13.50
2020-03-30 17:00:00;EN;9.31
2020-03-31 17:00:00;EN;9.22
2020-04-01 17:00:00;EN;13.93
2020-04-02 17:00:00;EN;19.64
2020-04-03 17:00:00;EN;21.44
2020-04-04 17:00:00;EN;16.20
2020-04-05 17:00:00;EN;7.78
2020-04-06 17:00:00;EN;1.81
2020-04-07 17:00:00;EN;2.25
2020-04-08 17:00:00;EN;6.34
2020-04-09 17:00:00;EN;9.65
2020-04-10 17:00:00;EN;9.01
2020-04-11 17:00:00;EN;6.17
2020-04-12 17:00:00;EN;4.14
2020-04-13 17:00:00;EN;4.89
2020-04-14 17:00:00;EN;6.13
2020-04-15 17:00:00;EN;4.56
2020-04-16 17:00:00;EN;1.50
2020-04-17 17:00:00;EN;16.94
2020-02-25 18:00:00;FM;0.00
2020-02-26 18:00:00;FM;0.01
2020-02-27 18:00:00;FM;0.00
2020-02-28 18:00:00;FM;0.00
2020-02-29 17:00:00;FM;0.00
2020-03-01 17:00:00;FM;0.02
2020-03-02 17:00:00;FM;0.05
2020-03-03 17:00:00;FM;0.19
2020-03-04 17:00:00;FM;0.53
2020-03-05 17:00:00;FM;1.10
2020-03-06 18:00:00;FM;1.52
2020-03-07 18:00:00;FM;1.32
2020-03-08 18:00:00;FM;0.30
2020-03-09 18:00:00;FM;0.00
2020-03-10 18:00:00;FM;0.00
2020-03-11 17:00:00;FM;2.39
2020-03-12 17:00:00;FM;5.48
2020-03-13 17:00:00;FM;7.11
2020-03-14 17:00:00;FM;6.04
2020-03-15 17:00:00;FM;4.03
2020-03-16 17:00:00;FM;3.62
2020-03-17 17:00:00;FM;6.47
2020-03-18 17:00:00;FM;10.79
2020-03-19 17:00:00;FM;13.90
2020-03-20 17:00:00;FM;14.04
2020-03-21 17:00:00;FM;13.10
2020-03-22 17:00:00;FM;13.87
2020-03-23 17:00:00;FM;18.13
2020-03-24 17:00:00;FM;23.64
2020-03-25 17:00:00;FM;27.15
2020-03-26 17:00:00;FM;26.26
2020-03-27 17:00:00;FM;21.90
2020-03-28 17:00:00;FM;15.82
2020-03-29 17:00:00;FM;9.77
2020-03-30 17:00:00;FM;5.49
2020-03-31 17:00:00;FM;4.69
2020-04-01 17:00:00;FM;8.15
2020-04-02 17:00:00;FM;12.87
2020-04-03 17:00:00;FM;14.91
2020-04-04 17:00:00;FM;11.70
2020-04-05 17:00:00;FM;6.13
2020-04-06 17:00:00;FM;2.46
2020-04-07 17:00:00;FM;3.69
2020-04-08 17:00:00;FM;7.66
2020-04-09 17:00:00;FM;10.94
2020-04-10 17:00:00;FM;10.92
2020-04-11 17:00:00;FM;8.31
2020-04-12 17:00:00;FM;4.66
2020-04-13 17:00:00;FM;1.56
2020-04-14 17:00:00;FM;0.88
2020-04-15 17:00:00;FM;4.55
2020-04-16 17:00:00;FM;10.55
2020-04-17 17:00:00;FM;1.06
2020-02-25 18:00:00;FE;0.00
2020-02-26 18:00:00;FE;0.05
2020-02-27 18:00:00;FE;0.00
2020-02-28 18:00:00;FE;0.00
2020-02-29 17:00:00;FE;0.08
2020-03-01 17:00:00;FE;0.11
2020-03-02 17:00:00;FE;0.00
2020-03-03 17:00:00;FE;0.00
2020-03-04 17:00:00;FE;0.00
2020-03-05 17:00:00;FE;0.32
2020-03-06 18:00:00;FE;0.99
2020-03-07 18:00:00;FE;1.60
2020-03-08 18:00:00;FE;1.99
2020-03-09 18:00:00;FE;2.25
2020-03-10 18:00:00;FE;2.56
2020-03-11 17:00:00;FE;3.09
2020-03-12 17:00:00;FE;3.94
2020-03-13 17:00:00;FE;5.17
2020-03-14 17:00:00;FE;6.76
2020-03-15 17:00:00;FE;8.26
2020-03-16 17:00:00;FE;9.12
2020-03-17 17:00:00;FE;9.18
2020-03-18 17:00:00;FE;9.95
2020-03-19 17:00:00;FE;13.34
2020-03-20 17:00:00;FE;20.13
2020-03-21 17:00:00;FE;26.60
2020-03-22 17:00:00;FE;27.89
2020-03-23 17:00:00;FE;21.30
2020-03-24 17:00:00;FE;12.75
2020-03-25 17:00:00;FE;10.32
2020-03-26 17:00:00;FE;18.86
2020-03-27 17:00:00;FE;30.45
2020-03-28 17:00:00;FE;33.96
2020-03-29 17:00:00;FE;22.47
2020-03-30 17:00:00;FE;6.00
2020-03-31 17:00:00;FE;0.00
2020-04-01 17:00:00;FE;10.36
2020-04-02 17:00:00;FE;31.37
2020-04-03 17:00:00;FE;47.76
2020-04-04 17:00:00;FE;49.09
2020-04-05 17:00:00;FE;39.41
2020-04-06 17:00:00;FE;26.37
2020-04-07 17:00:00;FE;16.44
2020-04-08 17:00:00;FE;11.32
2020-04-09 17:00:00;FE;11.52
2020-04-10 17:00:00;FE;16.50
2020-04-11 17:00:00;FE;21.49
2020-04-12 17:00:00;FE;20.68
2020-04-13 17:00:00;FE;11.87
2020-04-14 17:00:00;FE;7.30
2020-04-15 17:00:00;FE;22.81
2020-04-16 17:00:00;FE;56.49
2020-04-17 17:00:00;FE;35.44
2020-02-25 18:00:00;FI;1.14
2020-02-26 18:00:00;FI;0.00
2020-02-27 18:00:00;FI;2.04
2020-02-28 18:00:00;FI;2.03
2020-02-29 17:00:00;FI;0.44
2020-03-01 17:00:00;FI;0.00
2020-03-02 17:00:00;FI;0.05
2020-03-03 17:00:00;FI;2.14
2020-03-04 17:00:00;FI;4.40
2020-03-05 17:00:00;FI;5.93
2020-03-06 18:00:00;FI;6.79
2020-03-07 18:00:00;FI;7.29
2020-03-08 18:00:00;FI;7.77
2020-03-09 18:00:00;FI;8.63
2020-03-10 18:00:00;FI;10.33
2020-03-11 17:00:00;FI;13.08
2020-03-12 17:00:00;FI;16.37
2020-03-13 17:00:00;FI;19.48
2020-03-14 17:00:00;FI;22.10
2020-03-15 17:00:00;FI;25.72
2020-03-16 17:00:00;FI;32.24
2020-03-17 17:00:00;FI;42.52
2020-03-18 17:00:00;FI;53.20
2020-03-19 17:00:00;FI;59.88
2020-03-20 17:00:00;FI;59.65
2020-03-21 17:00:00;FI;55.62
2020-03-22 17:00:00;FI;52.39
2020-03-23 17:00:00;FI;53.37
2020-03-24 17:00:00;FI;57.12
2020-03-25 17:00:00;FI;61.00
2020-03-26 17:00:00;FI;62.95
2020-03-27 17:00:00;FI;63.18
2020-03-28 17:00:00;FI;62.49
2020-03-29 17:00:00;FI;62.65
2020-03-30 17:00:00;FI;69.23
2020-03-31 17:00:00;FI;88.77
2020-04-01 17:00:00;FI;122.95
2020-04-02 17:00:00;FI;153.88
2020-04-03 17:00:00;FI;158.79
2020-04-04 17:00:00;FI;124.09
2020-04-05 17:00:00;FI;72.90
2020-04-06 17:00:00;FI;37.50
2020-04-07 17:00:00;FI;40.79
2020-04-08 17:00:00;FI;68.06
2020-04-09 17:00:00;FI;95.20
2020-04-10 17:00:00;FI;103.21
2020-04-11 17:00:00;FI;93.52
2020-04-12 17:00:00;FI;72.63
2020-04-13 17:00:00;FI;48.51
2020-04-14 17:00:00;FI;34.82
2020-04-15 17:00:00;FI;46.64
2020-04-16 17:00:00;FI;79.41
2020-04-17 17:00:00;FI;49.95
2020-02-25 18:00:00;FG;0.00
2020-02-26 18:00:00;FG;0.13
2020-02-27 18:00:00;FG;0.00
2020-02-28 18:00:00;FG;0.00
2020-02-29 17:00:00;FG;0.18
2020-03-01 17:00:00;FG;0.38
2020-03-02 17:00:00;FG;0.24
2020-03-03 17:00:00;FG;0.20
2020-03-04 17:00:00;FG;0.85
2020-03-05 17:00:00;FG;2.49
2020-03-06 18:00:00;FG;4.22
2020-03-07 18:00:00;FG;4.83
2020-03-08 18:00:00;FG;3.64
2020-03-09 18:00:00;FG;2.02
2020-03-10 18:00:00;FG;1.83
2020-03-11 17:00:00;FG;4.24
2020-03-12 17:00:00;FG;7.55
2020-03-13 17:00:00;FG;9.35
2020-03-14 17:00:00;FG;8.23
2020-03-15 17:00:00;FG;6.71
2020-03-16 17:00:00;FG;8.31
2020-03-17 17:00:00;FG;15.17
2020-03-18 17:00:00;FG;23.85
2020-03-19 17:00:00;FG;29.51
2020-03-20 17:00:00;FG;28.84
2020-03-21 17:00:00;FG;24.65
2020-03-22 17:00:00;FG;21.24
2020-03-23 17:00:00;FG;21.70
2020-03-24 17:00:00;FG;24.20
2020-03-25 17:00:00;FG;25.66
2020-03-26 17:00:00;FG;24.11
2020-03-27 17:00:00;FG;22.00
2020-03-28 17:00:00;FG;22.89
2020-03-29 17:00:00;FG;28.82
2020-03-30 17:00:00;FG;35.81
2020-03-31 17:00:00;FG;38.39
2020-04-01 17:00:00;FG;33.01
2020-04-02 17:00:00;FG;23.97
2020-04-03 17:00:00;FG;17.49
2020-04-04 17:00:00;FG;18.11
2020-04-05 17:00:00;FG;23.56
2020-04-06 17:00:00;FG;29.85
2020-04-07 17:00:00;FG;33.59
2020-04-08 17:00:00;FG;33.73
2020-04-09 17:00:00;FG;29.83
2020-04-10 17:00:00;FG;22.02
2020-04-11 17:00:00;FG;12.84
2020-04-12 17:00:00;FG;5.43
2020-04-13 17:00:00;FG;2.45
2020-04-14 17:00:00;FG;4.80
2020-04-15 17:00:00;FG;12.91
2020-04-16 17:00:00;FG;24.55
2020-04-17 17:00:00;FG;26.93
